archivo;veredicto;porcentaje;corte_inicio_hz;corte_fin_hz;anchura_hz;caida_db;detalle
E:\Musica\0_Over-Drive_Madrid_[19930917_19950422]\135 BPM - Paranoiko [1992].flac;LOSSLESS;87;17367;19088;1721;30.0;caída progresiva de 1.7 kHz desde 17.4 kHz — típica de filtro antialiasing o remuestreo, no de un códec
E:\Musica\0_Over-Drive_Madrid_[19930917_19950422]\Age Of Love - The Age Of Love (Jam & Spoon Watch Out For Stella Mix) [1992].flac;LOSSLESS;96;20307;21201;894;42.4;corte en 20.3 kHz con transición intermedia (894 Hz) pero sin silencio profundo debajo (caída de 42 dB) — perfil de conversor, no de códec
E:\Musica\0_Over-Drive_Madrid_[19930917_19950422]\Al-Faris - Dschesiret El-Arab [1994].flac;LOSSLESS;98;19944;21597;1653;31.4;caída progresiva de 1.7 kHz desde 19.9 kHz — típica de filtro antialiasing o remuestreo, no de un códec
E:\Musica\0_Over-Drive_Madrid_[19930917_19950422]\Alien Factory - Tomorrow [1994].flac;LOSSLESS;94;16356;20690;4334;44.5;caída progresiva de 4.3 kHz desde 16.4 kHz — típica de filtro antialiasing o remuestreo, no de un códec
E:\Musica\0_Over-Drive_Madrid_[19930917_19950422]\And One - Metalhammer [1991].flac;LOSSLESS;91;20032;20083;51;21.4;corte abrupto en 20.0 kHz pero con siseo/señal por encima (caída de solo 21 dB) — un códec deja silencio digital, esto es un filtro de conversor
E:\Musica\0_Over-Drive_Madrid_[19930917_19950422]\And One - Techno Man [1992].flac;LOSSLESS;98;17454;21568;4114;73.5;caída progresiva de 4.1 kHz desde 17.5 kHz — típica de filtro antialiasing o remuestreo, no de un códec
E:\Musica\0_Over-Drive_Madrid_[19930917_19950422]\Andromeda - Trip to Space [1993].flac;LOSSLESS;95;15139;20946;5807;27.5;caída progresiva de 5.8 kHz desde 15.1 kHz — típica de filtro antialiasing o remuestreo, no de un códec
E:\Musica\0_Over-Drive_Madrid_[19930917_19950422]\Art Of Trance - Octopus [1995].flac;LOSSLESS;91;20003;20130;127;19.8;corte abrupto en 20.0 kHz pero con siseo/señal por encima (caída de solo 20 dB) — un códec deja silencio digital, esto es un filtro de conversor
E:\Musica\0_Over-Drive_Madrid_[19930917_19950422]\Aurora Borealis - The Milky Way [1994].flac;LOSSLESS;98;20243;21627;1384;54.2;caída progresiva de 1.4 kHz desde 20.2 kHz — típica de filtro antialiasing o remuestreo, no de un códec
E:\Musica\0_Over-Drive_Madrid_[19930917_19950422]\Baby Doc & The Dentist - Tales Of The Seraphim [1995].flac;LOSSLESS;98;20075;21518;1443;56.4;caída progresiva de 1.4 kHz desde 20.1 kHz — típica de filtro antialiasing o remuestreo, no de un códec
E:\Musica\0_Over-Drive_Madrid_[19930917_19950422]\Bassline Boys - Warbeat (Fick Fick Fraulein Blitz Krieg Mix) [1989].flac;LOSSLESS;93;14613;20596;5983;32.8;caída progresiva de 6.0 kHz desde 14.6 kHz — típica de filtro antialiasing o remuestreo, no de un códec
E:\Musica\0_Over-Drive_Madrid_[19930917_19950422]\Belgica Wave - The Wave [1993].flac;LOSSLESS;96;17171;21171;4000;53.8;caída progresiva de 4.0 kHz desde 17.2 kHz — típica de filtro antialiasing o remuestreo, no de un códec
E:\Musica\0_Over-Drive_Madrid_[19930917_19950422]\Blue Alphabet - Cybertrance [1994].flac;LOSSLESS;94;18797;20728;1931;37.8;caída progresiva de 1.9 kHz desde 18.8 kHz — típica de filtro antialiasing o remuestreo, no de un códec
E:\Musica\0_Over-Drive_Madrid_[19930917_19950422]\Boytronic - You [1983].flac;LOSSLESS;100;22050;22050;0;7.2;corte abrupto en 22.1 kHz pero con siseo/señal por encima (caída de solo 7 dB) — filtro digital de la época, no códec
E:\Musica\0_Over-Drive_Madrid_[19930917_19950422]\Brainchild - Symmetry (C-Mix) [1994].flac;LOSSLESS;97;16849;21347;4498;35.4;caída progresiva de 4.5 kHz desde 16.8 kHz — típica de filtro antialiasing o remuestreo, no de un códec
E:\Musica\0_Over-Drive_Madrid_[19930917_19950422]\C-Tank - Nightmares are reality [1993].flac;LOSSLESS;90;19730;19757;27;18.2;corte abrupto en 19.7 kHz pero con siseo/señal por encima (caída de solo 18 dB) — un códec deja silencio digital, esto es un filtro de conversor
E:\Musica\0_Over-Drive_Madrid_[19930917_19950422]\C-Tank - The Scotch Style [1992].flac;LOSSLESS;93;16275;20542;4267;36.6;caída progresiva de 4.3 kHz desde 16.3 kHz — típica de filtro antialiasing o remuestreo, no de un códec
E:\Musica\0_Over-Drive_Madrid_[19930917_19950422]\C-Tank - The rave zone [1993].flac;LOSSLESS;85;17529;18763;1234;23.9;caída progresiva de 1.2 kHz desde 17.5 kHz — típica de filtro antialiasing o remuestreo, no de un códec
E:\Musica\0_Over-Drive_Madrid_[19930917_19950422]\Capricorn - 20 Hz [1993].flac;SOSPECHOSO;81;16917;17916;999;22.6;"poca energía aguda (corte suave en 16.9 kHz, caída de solo 23 dB) — compatible con máster oscuro o fuente analógica con siseo; revisar a mano | auCDtect: CDDA 99%"
E:\Musica\0_Over-Drive_Madrid_[19930917_19950422]\Caunos - The Rhythm [1994].flac;LOSSLESS;90;18547;19950;1403;21.0;caída progresiva de 1.4 kHz desde 18.5 kHz — típica de filtro antialiasing o remuestreo, no de un códec
E:\Musica\0_Over-Drive_Madrid_[19930917_19950422]\Cell-U-Loid - Mind Solution [1992].flac;LOSSLESS;79;16755;17359;604;18.2;corte abrupto en 16.8 kHz pero con siseo/señal por encima (caída de solo 18 dB) — un códec deja silencio digital, esto es un filtro de conversor
E:\Musica\0_Over-Drive_Madrid_[19930917_19950422]\Cherrymoon Trax - Let There Be House [1994].flac;LOSSLESS;93;20445;20493;48;18.5;corte abrupto en 20.4 kHz pero con siseo/señal por encima (caída de solo 19 dB) — un códec deja silencio digital, esto es un filtro de conversor
E:\Musica\0_Over-Drive_Madrid_[19930917_19950422]\Cherrymoon Trax - The House Of House [1994].flac;LOSSLESS;99;20483;21760;1277;37.3;caída progresiva de 1.3 kHz desde 20.5 kHz — típica de filtro antialiasing o remuestreo, no de un códec
E:\Musica\0_Over-Drive_Madrid_[19930917_19950422]\Clone I.D. - Liquid Zoo [1995].flac;LOSSLESS;100;22050;22050;0;14.7;corte abrupto en 22.1 kHz pero con siseo/señal por encima (caída de solo 15 dB) — filtro digital de la época, no códec
E:\Musica\0_Over-Drive_Madrid_[19930917_19950422]\Coloured Vision - Living in paradise (The eagle has landed Mix) [1994].flac;LOSSLESS;86;15326;18900;3574;34.5;caída progresiva de 3.6 kHz desde 15.3 kHz — típica de filtro antialiasing o remuestreo, no de un códec
E:\Musica\0_Over-Drive_Madrid_[19930917_19950422]\Commander Tom - Are Am Eye (Yves De Ruyter Single Mix) [1995].flac;LOSSLESS;98;20998;21545;547;24.9;corte abrupto en 21.0 kHz pero con siseo/señal por encima (caída de solo 25 dB) — filtro digital de la época, no códec
E:\Musica\0_Over-Drive_Madrid_[19930917_19950422]\Commander Tom - Are Am Eye [1995].flac;LOSSLESS;97;20518;21447;929;28.8;corte en 20.5 kHz con transición intermedia (929 Hz) pero sin silencio profundo debajo (caída de 29 dB) — perfil de conversor, no de códec
E:\Musica\0_Over-Drive_Madrid_[19930917_19950422]\Committe - Trance Line [1994].flac;LOSSLESS;100;22050;22050;0;11.9;corte abrupto en 22.1 kHz pero con siseo/señal por encima (caída de solo 12 dB) — filtro digital de la época, no códec
E:\Musica\0_Over-Drive_Madrid_[19930917_19950422]\Control - Representative (Original Version) [1994].flac;LOSSLESS;100;22050;22050;0;12.3;corte abrupto en 22.1 kHz pero con siseo/señal por encima (caída de solo 12 dB) — filtro digital de la época, no códec
E:\Musica\0_Over-Drive_Madrid_[19930917_19950422]\Control D.C. - Ritmo Dell' Diavolo (Inferno Mute Mix) [1994].flac;LOSSLESS;97;17548;21384;3836;61.0;caída progresiva de 3.8 kHz desde 17.5 kHz — típica de filtro antialiasing o remuestreo, no de un códec
E:\Musica\0_Over-Drive_Madrid_[19930917_19950422]\Cosmic Baby - Loops of Infinity (Contemplative) [1994].flac;LOSSLESS;96;20704;21210;506;26.5;corte abrupto en 20.7 kHz pero con siseo/señal por encima (caída de solo 27 dB) — filtro digital de la época, no códec
E:\Musica\0_Over-Drive_Madrid_[19930917_19950422]\Cybordelics - Adventures of Dama [1993].flac;LOSSLESS;95;15649;21005;5356;41.0;caída progresiva de 5.4 kHz desde 15.6 kHz — típica de filtro antialiasing o remuestreo, no de un códec
E:\Musica\0_Over-Drive_Madrid_[19930917_19950422]\Cygnus X - The Orange Theme (Original Version) [1994].flac;LOSSLESS;94;16403;20667;4264;32.9;caída progresiva de 4.3 kHz desde 16.4 kHz — típica de filtro antialiasing o remuestreo, no de un códec
E:\Musica\0_Over-Drive_Madrid_[19930917_19950422]\DJ Hooligan - The Culture - Original Mix [1994].flac;LOSSLESS;96;20135;21150;1015;52.1;caída progresiva de 1.0 kHz desde 20.1 kHz — típica de filtro antialiasing o remuestreo, no de un códec
E:\Musica\0_Over-Drive_Madrid_[19930917_19950422]\DJ Hooligan - The Mystic Culture [1994].flac;LOSSLESS;97;19423;21485;2062;64.0;caída progresiva de 2.1 kHz desde 19.4 kHz — típica de filtro antialiasing o remuestreo, no de un códec
E:\Musica\0_Over-Drive_Madrid_[19930917_19950422]\DJ Rope & DJ Marco Bailey - Be Free (Wavesong Mix) [1994].flac;LOSSLESS;96;21247;21252;5;17.0;corte abrupto en 21.2 kHz pero con siseo/señal por encima (caída de solo 17 dB) — filtro digital de la época, no códec
E:\Musica\0_Over-Drive_Madrid_[19930917_19950422]\DJ Rope & DJ Marco Bailey - Spice [1994].flac;LOSSLESS;92;19123;20280;1157;22.1;caída progresiva de 1.2 kHz desde 19.1 kHz — típica de filtro antialiasing o remuestreo, no de un códec
E:\Musica\0_Over-Drive_Madrid_[19930917_19950422]\DJ Sylvan - Guitar Spell (Mix One) [1994].flac;LOSSLESS;100;22050;22050;0;7.9;corte abrupto en 22.1 kHz pero con siseo/señal por encima (caída de solo 8 dB) — filtro digital de la época, no códec
E:\Musica\0_Over-Drive_Madrid_[19930917_19950422]\Dance 2 Trance - Power Of American Natives [1992].flac;LOSSLESS;77;16863;16923;60;17.9;corte abrupto en 16.9 kHz pero con siseo/señal por encima (caída de solo 18 dB) — un códec deja silencio digital, esto es un filtro de conversor
E:\Musica\0_Over-Drive_Madrid_[19930917_19950422]\Dark A.T.8 - Sucker (Sucker Mindless Mix) [1993].flac;LOSSLESS;97;19938;21372;1434;48.9;caída progresiva de 1.4 kHz desde 19.9 kHz — típica de filtro antialiasing o remuestreo, no de un códec
E:\Musica\0_Over-Drive_Madrid_[19930917_19950422]\Datura - El Sueno (Nagual 1) [1994].flac;LOSSLESS;94;17927;20798;2871;25.2;caída progresiva de 2.9 kHz desde 17.9 kHz — típica de filtro antialiasing o remuestreo, no de un códec
E:\Musica\0_Over-Drive_Madrid_[19930917_19950422]\Datura - The 7th Hallucination (The 7th Line) [1993].flac;LOSSLESS;99;21496;21733;237;30.6;corte abrupto en 21.5 kHz pero con siseo/señal por encima (caída de solo 31 dB) — filtro digital de la época, no códec
E:\Musica\0_Over-Drive_Madrid_[19930917_19950422]\Datura - Yerba Del Diablo (Paye) [1991].flac;LOSSLESS;100;22050;22050;0;13.4;corte abrupto en 22.1 kHz pero con siseo/señal por encima (caída de solo 13 dB) — filtro digital de la época, no códec
E:\Musica\0_Over-Drive_Madrid_[19930917_19950422]\Dj's Rave Ministry - Rave You (Rave Mix) [1993].flac;LOSSLESS;98;18528;21661;3133;44.9;caída progresiva de 3.1 kHz desde 18.5 kHz — típica de filtro antialiasing o remuestreo, no de un códec
E:\Musica\0_Over-Drive_Madrid_[19930917_19950422]\Dream Concept - Shy Kid (War Mix) [1994].flac;LOSSLESS;98;20280;21689;1409;40.5;caída progresiva de 1.4 kHz desde 20.3 kHz — típica de filtro antialiasing o remuestreo, no de un códec
E:\Musica\0_Over-Drive_Madrid_[19930917_19950422]\Dream Your Dream - Galileo's Trip [1993].flac;LOSSLESS;94;17174;20693;3519;39.0;caída progresiva de 3.5 kHz desde 17.2 kHz — típica de filtro antialiasing o remuestreo, no de un códec
E:\Musica\0_Over-Drive_Madrid_[19930917_19950422]\Dream Your Dream - Soushkin (Original Remastered Mix) [1993].flac;LOSSLESS;91;16513;20126;3613;35.6;caída progresiva de 3.6 kHz desde 16.5 kHz — típica de filtro antialiasing o remuestreo, no de un códec
E:\Musica\0_Over-Drive_Madrid_[19930917_19950422]\Dream Your Dream - XTC [1993].flac;LOSSLESS;95;20517;21016;499;25.5;corte abrupto en 20.5 kHz pero con siseo/señal por encima (caída de solo 26 dB) — un códec deja silencio digital, esto es un filtro de conversor
E:\Musica\0_Over-Drive_Madrid_[19930917_19950422]\Dreamland - Mind Penetration [1993].flac;LOSSLESS;97;19922;21303;1381;47.0;caída progresiva de 1.4 kHz desde 19.9 kHz — típica de filtro antialiasing o remuestreo, no de un códec
E:\Musica\0_Over-Drive_Madrid_[19930917_19950422]\Emmanuel Top - Acid Phase [1994].flac;SOSPECHOSO;97;21127;21415;288;32.0;"muro estrecho (288 Hz) en 21.1 kHz pegado a Nyquist — posible AAC/Vorbis de alta tasa; revisar espectrograma | auCDtect: CDDA 100%"
E:\Musica\0_Over-Drive_Madrid_[19930917_19950422]\Emmanuel Top - Chill Out [1995].flac;SOSPECHOSO;96;20548;21130;582;34.1;"muro estrecho en 20.5 kHz sin silencio profundo debajo (34 dB) — posible lossy de alta tasa o filtro digital abrupto; revisar espectrograma | auCDtect: CDDA 99%"
E:\Musica\0_Over-Drive_Madrid_[19930917_19950422]\Emmanuel Top - Climax V 1.1 [1995].flac;LOSSLESS;91;19816;20012;196;20.1;corte abrupto en 19.8 kHz pero con siseo/señal por encima (caída de solo 20 dB) — un códec deja silencio digital, esto es un filtro de conversor
E:\Musica\0_Over-Drive_Madrid_[19930917_19950422]\Emmanuel Top - Cosmic Event [1994].flac;LOSSLESS;96;18703;21244;2541;29.4;caída progresiva de 2.5 kHz desde 18.7 kHz — típica de filtro antialiasing o remuestreo, no de un códec
E:\Musica\0_Over-Drive_Madrid_[19930917_19950422]\Emmanuel Top - Fly Tox [1995].flac;LOSSLESS;77;16369;17045;676;28.1;corte abrupto en 16.4 kHz pero con siseo/señal por encima (caída de solo 28 dB) — un códec deja silencio digital, esto es un filtro de conversor
E:\Musica\0_Over-Drive_Madrid_[19930917_19950422]\Emmanuel Top - Fusion [1995].flac;LOSSLESS;97;18878;21464;2586;29.1;caída progresiva de 2.6 kHz desde 18.9 kHz — típica de filtro antialiasing o remuestreo, no de un códec
E:\Musica\0_Over-Drive_Madrid_[19930917_19950422]\Emmanuel Top - So Cold [1994].flac;LOSSLESS;96;19338;21224;1886;35.1;caída progresiva de 1.9 kHz desde 19.3 kHz — típica de filtro antialiasing o remuestreo, no de un códec
E:\Musica\0_Over-Drive_Madrid_[19930917_19950422]\Emmanuel Top - Stress [1995].flac;LOSSLESS;100;22050;22050;0;13.5;corte abrupto en 22.1 kHz pero con siseo/señal por encima (caída de solo 14 dB) — filtro digital de la época, no códec
E:\Musica\0_Over-Drive_Madrid_[19930917_19950422]\Emmanuel Top - Tone [1995].flac;LOSSLESS;92;20156;20282;126;16.6;corte abrupto en 20.2 kHz pero con siseo/señal por encima (caída de solo 17 dB) — un códec deja silencio digital, esto es un filtro de conversor
E:\Musica\0_Over-Drive_Madrid_[19930917_19950422]\Emmanuel Top - Turkish Bazar [1994].flac;LOSSLESS;98;21630;21630;0;15.1;corte abrupto en 21.6 kHz pero con siseo/señal por encima (caída de solo 15 dB) — filtro digital de la época, no códec
E:\Musica\0_Over-Drive_Madrid_[19930917_19950422]\Energy 52 - Café Del Mar (DJ Kid Paul Mix) [1994].flac;LOSSLESS;99;20098;21722;1624;71.8;caída progresiva de 1.6 kHz desde 20.1 kHz — típica de filtro antialiasing o remuestreo, no de un códec
E:\Musica\0_Over-Drive_Madrid_[19930917_19950422]\Espiral - Dunne [1991].flac;LOSSLESS;97;16322;21443;5121;49.9;caída progresiva de 5.1 kHz desde 16.3 kHz — típica de filtro antialiasing o remuestreo, no de un códec
E:\Musica\0_Over-Drive_Madrid_[19930917_19950422]\Exit EEE - Atrax [1992].flac;LOSSLESS;100;22050;22050;0;11.4;corte abrupto en 22.1 kHz pero con siseo/señal por encima (caída de solo 11 dB) — filtro digital de la época, no códec
E:\Musica\0_Over-Drive_Madrid_[19930917_19950422]\Exit EEE - Epidemic (Straight From Heaven mix) [1993].flac;LOSSLESS;96;19984;21271;1287;51.2;caída progresiva de 1.3 kHz desde 20.0 kHz — típica de filtro antialiasing o remuestreo, no de un códec
E:\Musica\0_Over-Drive_Madrid_[19930917_19950422]\Format - Solid Session [1991].flac;LOSSLESS;82;17802;18079;277;26.6;corte abrupto en 17.8 kHz pero con siseo/señal por encima (caída de solo 27 dB) — un códec deja silencio digital, esto es un filtro de conversor
E:\Musica\0_Over-Drive_Madrid_[19930917_19950422]\Fraktal - Die Reise (Radio Version) [1995].flac;LOSSLESS;95;17786;20982;3196;37.9;caída progresiva de 3.2 kHz desde 17.8 kHz — típica de filtro antialiasing o remuestreo, no de un códec
E:\Musica\0_Over-Drive_Madrid_[19930917_19950422]\Franky Jones - The First Rebirth (Remastered Original Mix) [1993].flac;LOSSLESS;98;20382;21699;1317;47.5;caída progresiva de 1.3 kHz desde 20.4 kHz — típica de filtro antialiasing o remuestreo, no de un códec
E:\Musica\0_Over-Drive_Madrid_[19930917_19950422]\Front 242 - Headhunter V3.0 [1988].flac;LOSSLESS;87;17371;19239;1868;31.2;caída progresiva de 1.9 kHz desde 17.4 kHz — típica de filtro antialiasing o remuestreo, no de un códec
E:\Musica\0_Over-Drive_Madrid_[19930917_19950422]\Front 242 - Tragedy For You [1991].flac;LOSSLESS;97;20498;21385;887;36.9;corte en 20.5 kHz con transición intermedia (887 Hz) pero sin silencio profundo debajo (caída de 37 dB) — perfil de conversor, no de códec
E:\Musica\0_Over-Drive_Madrid_[19930917_19950422]\Fun Factory Pres. Michel - The Fisherman [1994].flac;LOSSLESS;78;15500;17295;1795;26.4;caída progresiva de 1.8 kHz desde 15.5 kHz — típica de filtro antialiasing o remuestreo, no de un códec
E:\Musica\0_Over-Drive_Madrid_[19930917_19950422]\Fun Factory pres. Michel - Fisher In Trance [1994].flac;LOSSLESS;77;16380;16891;511;23.2;corte abrupto en 16.4 kHz pero con siseo/señal por encima (caída de solo 23 dB) — un códec deja silencio digital, esto es un filtro de conversor
E:\Musica\0_Over-Drive_Madrid_[19930917_19950422]\Genlog - Eiskalt [1994].flac;LOSSLESS;94;19931;20786;855;23.5;corte en 19.9 kHz con transición intermedia (855 Hz) pero sin silencio profundo debajo (caída de 23 dB) — perfil de conversor, no de códec
E:\Musica\0_Over-Drive_Madrid_[19930917_19950422]\Genlog - It Feels So [1993].flac;LOSSLESS;94;19749;20741;992;19.3;corte en 19.7 kHz con transición intermedia (992 Hz) pero sin silencio profundo debajo (caída de 19 dB) — perfil de conversor, no de códec
E:\Musica\0_Over-Drive_Madrid_[19930917_19950422]\Genlog - Mockmoon (Remix) [1993].flac;LOSSLESS;98;19724;21681;1957;37.9;caída progresiva de 2.0 kHz desde 19.7 kHz — típica de filtro antialiasing o remuestreo, no de un códec
E:\Musica\0_Over-Drive_Madrid_[19930917_19950422]\Genlog - Poison [1993].flac;LOSSLESS;98;17224;21636;4412;45.5;caída progresiva de 4.4 kHz desde 17.2 kHz — típica de filtro antialiasing o remuestreo, no de un códec
E:\Musica\0_Over-Drive_Madrid_[19930917_19950422]\God's Groove - Prayer Five (We Can Fly Remix) [1993].flac;LOSSLESS;99;16082;21721;5639;49.6;caída progresiva de 5.6 kHz desde 16.1 kHz — típica de filtro antialiasing o remuestreo, no de un códec
E:\Musica\0_Over-Drive_Madrid_[19930917_19950422]\House Pimps - Get The Hook (Acido's Trancy Treatment) [1993].flac;LOSSLESS;100;22050;22050;0;13.1;corte abrupto en 22.1 kHz pero con siseo/señal por encima (caída de solo 13 dB) — filtro digital de la época, no códec
E:\Musica\0_Over-Drive_Madrid_[19930917_19950422]\Hyper Space - Natural System (Technologik Mixx) [1993].flac;LOSSLESS;85;15763;18685;2922;34.2;caída progresiva de 2.9 kHz desde 15.8 kHz — típica de filtro antialiasing o remuestreo, no de un códec
E:\Musica\0_Over-Drive_Madrid_[19930917_19950422]\Hypnotica - Impacto [1994].flac;LOSSLESS;96;19576;21072;1496;36.7;caída progresiva de 1.5 kHz desde 19.6 kHz — típica de filtro antialiasing o remuestreo, no de un códec
E:\Musica\0_Over-Drive_Madrid_[19930917_19950422]\Illuminatae - Tremora Del Terra [1993].flac;LOSSLESS;96;20657;21092;435;26.2;corte abrupto en 20.7 kHz pero con siseo/señal por encima (caída de solo 26 dB) — filtro digital de la época, no códec
E:\Musica\0_Over-Drive_Madrid_[19930917_19950422]\Illuminatus - Hope (Spicelab Remix) [1994].flac;LOSSLESS;97;20491;21475;984;33.1;corte en 20.5 kHz con transición intermedia (984 Hz) pero sin silencio profundo debajo (caída de 33 dB) — perfil de conversor, no de códec
E:\Musica\0_Over-Drive_Madrid_[19930917_19950422]\Information Society - Running [1988].flac;LOSSLESS;88;15928;19452;3524;25.8;caída progresiva de 3.5 kHz desde 15.9 kHz — típica de filtro antialiasing o remuestreo, no de un códec
E:\Musica\0_Over-Drive_Madrid_[19930917_19950422]\Infrequent Oscilation - Burning Phibes [1994].flac;LOSSLESS;97;18347;21414;3067;57.3;caída progresiva de 3.1 kHz desde 18.3 kHz — típica de filtro antialiasing o remuestreo, no de un códec
E:\Musica\0_Over-Drive_Madrid_[19930917_19950422]\Infrequent Oscilation - Hihat Escalation [1994].flac;LOSSLESS;92;20321;20338;17;18.9;corte abrupto en 20.3 kHz pero con siseo/señal por encima (caída de solo 19 dB) — un códec deja silencio digital, esto es un filtro de conversor
E:\Musica\0_Over-Drive_Madrid_[19930917_19950422]\Insider & Stephenson - Ckassadandra [1995].flac;LOSSLESS;75;16249;16532;283;29.4;corte abrupto en 16.2 kHz pero con siseo/señal por encima (caída de solo 29 dB) — un códec deja silencio digital, esto es un filtro de conversor
E:\Musica\0_Over-Drive_Madrid_[19930917_19950422]\Instant Zen - Plutonia (Remix) [1994].flac;LOSSLESS;88;16807;19451;2644;44.5;caída progresiva de 2.6 kHz desde 16.8 kHz — típica de filtro antialiasing o remuestreo, no de un códec
E:\Musica\0_Over-Drive_Madrid_[19930917_19950422]\Interactive - Dildo (Interdrive Version) [1992].flac;LOSSLESS;97;18642;21423;2781;55.0;caída progresiva de 2.8 kHz desde 18.6 kHz — típica de filtro antialiasing o remuestreo, no de un códec
E:\Musica\0_Over-Drive_Madrid_[19930917_19950422]\Interactive - Who Is Elvis (Seventy 7 Mix) [1992].flac;LOSSLESS;98;15817;21542;5725;49.6;caída progresiva de 5.7 kHz desde 15.8 kHz — típica de filtro antialiasing o remuestreo, no de un códec
E:\Musica\0_Over-Drive_Madrid_[19930917_19950422]\Interfront - Strange [1990].flac;LOSSLESS;84;14306;18453;4147;24.1;caída progresiva de 4.1 kHz desde 14.3 kHz — típica de filtro antialiasing o remuestreo, no de un códec
E:\Musica\0_Over-Drive_Madrid_[19930917_19950422]\Intrance - Always [1993].flac;LOSSLESS;96;20978;21073;95;23.4;corte abrupto en 21.0 kHz pero con siseo/señal por encima (caída de solo 23 dB) — filtro digital de la época, no códec
E:\Musica\0_Over-Drive_Madrid_[19930917_19950422]\Jam & Spoon - Follow Me [1993].flac;LOSSLESS;98;18228;21629;3401;42.7;caída progresiva de 3.4 kHz desde 18.2 kHz — típica de filtro antialiasing o remuestreo, no de un códec
E:\Musica\0_Over-Drive_Madrid_[19930917_19950422]\Jam & Spoon - Right in the Night (Fall in Love with Music) [1993].flac;LOSSLESS;97;19538;21371;1833;33.2;caída progresiva de 1.8 kHz desde 19.5 kHz — típica de filtro antialiasing o remuestreo, no de un códec
E:\Musica\0_Over-Drive_Madrid_[19930917_19950422]\Jens - Loops & Tings (Fruit Loops Remix) [1993].flac;LOSSLESS;89;19442;19571;129;17.7;corte abrupto en 19.4 kHz pero con siseo/señal por encima (caída de solo 18 dB) — un códec deja silencio digital, esto es un filtro de conversor
E:\Musica\0_Over-Drive_Madrid_[19930917_19950422]\Jens - Loops & Tings (Original) [1993].flac;LOSSLESS;94;17256;20835;3579;36.7;caída progresiva de 3.6 kHz desde 17.3 kHz — típica de filtro antialiasing o remuestreo, no de un códec
E:\Musica\0_Over-Drive_Madrid_[19930917_19950422]\Jim Clarke - Qualification (Round 4) [1992].flac;LOSSLESS;98;20333;21589;1256;50.6;caída progresiva de 1.3 kHz desde 20.3 kHz — típica de filtro antialiasing o remuestreo, no de un códec
E:\Musica\0_Over-Drive_Madrid_[19930917_19950422]\Jim Clarke - Silverstone [1993].flac;LOSSLESS;78;16870;17233;363;20.5;corte abrupto en 16.9 kHz pero con siseo/señal por encima (caída de solo 20 dB) — un códec deja silencio digital, esto es un filtro de conversor
E:\Musica\0_Over-Drive_Madrid_[19930917_19950422]\Joe Inferno - Tribal Church (Remix) [1992].flac;LOSSLESS;81;17660;17751;91;19.8;corte abrupto en 17.7 kHz pero con siseo/señal por encima (caída de solo 20 dB) — un códec deja silencio digital, esto es un filtro de conversor
E:\Musica\0_Over-Drive_Madrid_[19930917_19950422]\Joe T Vannelli - Play With The Voice In Germany (Paul van Dyk Remix) [1994].flac;LOSSLESS;96;16749;21221;4472;53.7;caída progresiva de 4.5 kHz desde 16.7 kHz — típica de filtro antialiasing o remuestreo, no de un códec
E:\Musica\0_Over-Drive_Madrid_[19930917_19950422]\Joey Beltram - Energy Flash [1990].flac;LOSSLESS;89;18366;19639;1273;32.5;caída progresiva de 1.3 kHz desde 18.4 kHz — típica de filtro antialiasing o remuestreo, no de un códec
E:\Musica\0_Over-Drive_Madrid_[19930917_19950422]\Jones & Stephenson - The First Rebirth [1993].flac;LOSSLESS;97;18029;21328;3299;32.6;caída progresiva de 3.3 kHz desde 18.0 kHz — típica de filtro antialiasing o remuestreo, no de un códec
E:\Musica\0_Over-Drive_Madrid_[19930917_19950422]\Junk Project - Brain Tool [1995].flac;LOSSLESS;98;21186;21524;338;19.4;corte abrupto en 21.2 kHz pero con siseo/señal por encima (caída de solo 19 dB) — filtro digital de la época, no códec
E:\Musica\0_Over-Drive_Madrid_[19930917_19950422]\K.R.B. - Mysterious Song [1992].flac;LOSSLESS;98;19440;21526;2086;50.3;caída progresiva de 2.1 kHz desde 19.4 kHz — típica de filtro antialiasing o remuestreo, no de un códec
E:\Musica\0_Over-Drive_Madrid_[19930917_19950422]\K.R.B. - Sanaa [1991].flac;LOSSLESS;94;15374;20834;5460;40.0;caída progresiva de 5.5 kHz desde 15.4 kHz — típica de filtro antialiasing o remuestreo, no de un códec
E:\Musica\0_Over-Drive_Madrid_[19930917_19950422]\Kee Mo - Visions [1994].flac;LOSSLESS;97;20233;21489;1256;54.2;caída progresiva de 1.3 kHz desde 20.2 kHz — típica de filtro antialiasing o remuestreo, no de un códec
E:\Musica\0_Over-Drive_Madrid_[19930917_19950422]\Kike Boy & Demolition - Basic [1995].flac;LOSSLESS;82;17550;18110;560;30.7;corte abrupto en 17.6 kHz pero con siseo/señal por encima (caída de solo 31 dB) — un códec deja silencio digital, esto es un filtro de conversor
E:\Musica\0_Over-Drive_Madrid_[19930917_19950422]\Kike Boy - Farmatron [1994].flac;LOSSLESS;93;16785;20433;3648;31.2;caída progresiva de 3.6 kHz desde 16.8 kHz — típica de filtro antialiasing o remuestreo, no de un códec
E:\Musica\0_Over-Drive_Madrid_[19930917_19950422]\Kosmos - The Mission [1994].flac;LOSSLESS;96;21072;21141;69;20.6;corte abrupto en 21.1 kHz pero con siseo/señal por encima (caída de solo 21 dB) — filtro digital de la época, no códec
E:\Musica\0_Over-Drive_Madrid_[19930917_19950422]\Krankenhaus - Emergency (Start Mix) [1994].flac;LOSSLESS;96;20501;21183;682;20.4;corte abrupto en 20.5 kHz pero con siseo/señal por encima (caída de solo 20 dB) — un códec deja silencio digital, esto es un filtro de conversor
E:\Musica\0_Over-Drive_Madrid_[19930917_19950422]\LDC - Die Schwarze Zone [1992].flac;LOSSLESS;93;14936;20550;5614;57.7;caída progresiva de 5.6 kHz desde 14.9 kHz — típica de filtro antialiasing o remuestreo, no de un códec
E:\Musica\0_Over-Drive_Madrid_[19930917_19950422]\LDC - Intro [1992].flac;LOSSLESS;95;16397;20913;4516;60.8;caída progresiva de 4.5 kHz desde 16.4 kHz — típica de filtro antialiasing o remuestreo, no de un códec
E:\Musica\0_Over-Drive_Madrid_[19930917_19950422]\LDC - Plasma [1992].flac;LOSSLESS;94;15816;20697;4881;63.6;caída progresiva de 4.9 kHz desde 15.8 kHz — típica de filtro antialiasing o remuestreo, no de un códec
E:\Musica\0_Over-Drive_Madrid_[19930917_19950422]\LDC - T-Raumreise (Remix) [1992].flac;LOSSLESS;94;18229;20650;2421;26.0;caída progresiva de 2.4 kHz desde 18.2 kHz — típica de filtro antialiasing o remuestreo, no de un códec
E:\Musica\0_Over-Drive_Madrid_[19930917_19950422]\LDC - T-Raumreise [1992].flac;LOSSLESS;97;20033;21398;1365;63.9;caída progresiva de 1.4 kHz desde 20.0 kHz — típica de filtro antialiasing o remuestreo, no de un códec
E:\Musica\0_Over-Drive_Madrid_[19930917_19950422]\LaCurva - Iberica (Jerez Mix) [1993].flac;LOSSLESS;93;20004;20460;456;26.3;corte abrupto en 20.0 kHz pero con siseo/señal por encima (caída de solo 26 dB) — un códec deja silencio digital, esto es un filtro de conversor
E:\Musica\0_Over-Drive_Madrid_[19930917_19950422]\Lady Chatterley - Hypno [1994].flac;LOSSLESS;97;20665;21346;681;25.1;corte abrupto en 20.7 kHz pero con siseo/señal por encima (caída de solo 25 dB) — filtro digital de la época, no códec
E:\Musica\0_Over-Drive_Madrid_[19930917_19950422]\Layizon - The Ride Inside (The Beat Inside) [1989].flac;LOSSLESS;99;20721;21779;1058;35.5;espectro completo hasta cerca de Nyquist
E:\Musica\0_Over-Drive_Madrid_[19930917_19950422]\Leroy - Are You Down [1993].flac;LOSSLESS;96;19400;21097;1697;40.5;caída progresiva de 1.7 kHz desde 19.4 kHz — típica de filtro antialiasing o remuestreo, no de un códec
E:\Musica\0_Over-Drive_Madrid_[19930917_19950422]\Leroy - The First Flight [1994].flac;LOSSLESS;98;21120;21583;463;25.4;corte abrupto en 21.1 kHz pero con siseo/señal por encima (caída de solo 25 dB) — filtro digital de la época, no códec
E:\Musica\0_Over-Drive_Madrid_[19930917_19950422]\Li Kwan - Point Zero [1993].flac;LOSSLESS;95;15388;20881;5493;38.1;caída progresiva de 5.5 kHz desde 15.4 kHz — típica de filtro antialiasing o remuestreo, no de un códec
E:\Musica\0_Over-Drive_Madrid_[19930917_19950422]\Liaisons Dangereuses - Los Niños Del Parque [1981].flac;LOSSLESS;87;16445;19190;2745;25.0;caída progresiva de 2.7 kHz desde 16.4 kHz — típica de filtro antialiasing o remuestreo, no de un códec
E:\Musica\0_Over-Drive_Madrid_[19930917_19950422]\Lunar Module - Mental Acid Trilogy (Part 1) [1993].flac;LOSSLESS;100;22050;22050;0;9.5;corte abrupto en 22.1 kHz pero con siseo/señal por encima (caída de solo 10 dB) — filtro digital de la época, no códec
E:\Musica\0_Over-Drive_Madrid_[19930917_19950422]\Lunar Module - Mind In Orbit [1993].flac;LOSSLESS;100;22050;22050;0;10.3;corte abrupto en 22.1 kHz pero con siseo/señal por encima (caída de solo 10 dB) — filtro digital de la época, no códec
E:\Musica\0_Over-Drive_Madrid_[19930917_19950422]\Lunar Module - X Mod 7 [1993].flac;LOSSLESS;100;22050;22050;0;11.5;corte abrupto en 22.1 kHz pero con siseo/señal por encima (caída de solo 11 dB) — filtro digital de la época, no códec
E:\Musica\0_Over-Drive_Madrid_[19930917_19950422]\Luxor - Superstitious (Nursery mix) [1994].flac;LOSSLESS;98;15595;21541;5946;37.8;caída progresiva de 5.9 kHz desde 15.6 kHz — típica de filtro antialiasing o remuestreo, no de un códec
E:\Musica\0_Over-Drive_Madrid_[19930917_19950422]\Luxor - The Big Bang [1994].flac;LOSSLESS;96;21141;21213;72;20.7;corte abrupto en 21.1 kHz pero con siseo/señal por encima (caída de solo 21 dB) — filtro digital de la época, no códec
E:\Musica\0_Over-Drive_Madrid_[19930917_19950422]\Mandala - The Encore [1993].flac;LOSSLESS;96;20576;21244;668;29.0;corte abrupto en 20.6 kHz pero con siseo/señal por encima (caída de solo 29 dB) — filtro digital de la época, no códec
E:\Musica\0_Over-Drive_Madrid_[19930917_19950422]\Mark N-R-G - Brain Is The Weapon [1995].flac;LOSSLESS;100;22050;22050;0;14.4;corte abrupto en 22.1 kHz pero con siseo/señal por encima (caída de solo 14 dB) — filtro digital de la época, no códec
E:\Musica\0_Over-Drive_Madrid_[19930917_19950422]\Mark N-R-G - Don't Stop - Original [1995].flac;LOSSLESS;96;20569;21267;698;27.4;corte abrupto en 20.6 kHz pero con siseo/señal por encima (caída de solo 27 dB) — filtro digital de la época, no códec
E:\Musica\0_Over-Drive_Madrid_[19930917_19950422]\Mark N-R-G - High Noon [1993].flac;LOSSLESS;91;19651;20055;404;20.2;corte abrupto en 19.7 kHz pero con siseo/señal por encima (caída de solo 20 dB) — un códec deja silencio digital, esto es un filtro de conversor
E:\Musica\0_Over-Drive_Madrid_[19930917_19950422]\Mark N-R-G - Nightflight On Wax [1993].flac;LOSSLESS;91;20128;20132;4;16.4;corte abrupto en 20.1 kHz pero con siseo/señal por encima (caída de solo 16 dB) — un códec deja silencio digital, esto es un filtro de conversor
E:\Musica\0_Over-Drive_Madrid_[19930917_19950422]\Marmion - Schöneberg [1993].flac;LOSSLESS;100;22050;22050;0;14.9;corte abrupto en 22.1 kHz pero con siseo/señal por encima (caída de solo 15 dB) — filtro digital de la época, no códec
E:\Musica\0_Over-Drive_Madrid_[19930917_19950422]\Marusha - Go Ahead [1993].flac;LOSSLESS;92;19243;20356;1113;27.4;caída progresiva de 1.1 kHz desde 19.2 kHz — típica de filtro antialiasing o remuestreo, no de un códec
E:\Musica\0_Over-Drive_Madrid_[19930917_19950422]\Marusha - Ravechannel [1994].flac;LOSSLESS;90;18951;19829;878;20.1;corte en 19.0 kHz con transición intermedia (878 Hz) pero sin silencio profundo debajo (caída de 20 dB) — perfil de conversor, no de códec
E:\Musica\0_Over-Drive_Madrid_[19930917_19950422]\Marusha - Somewhere over the Rainbow [1994].flac;SOSPECHOSO;93;19854;20448;594;32.6;"muro estrecho en 19.9 kHz sin silencio profundo debajo (33 dB) — posible lossy de alta tasa o filtro digital abrupto; revisar espectrograma | auCDtect: CDDA 100%"
E:\Musica\0_Over-Drive_Madrid_[19930917_19950422]\Maurizio Braccagni - Mosquito [1993].flac;LOSSLESS;96;18664;21103;2439;32.1;caída progresiva de 2.4 kHz desde 18.7 kHz — típica de filtro antialiasing o remuestreo, no de un códec
E:\Musica\0_Over-Drive_Madrid_[19930917_19950422]\Mega 'Lo Mania - The Finest [1994].flac;LOSSLESS;97;21364;21370;6;17.7;corte abrupto en 21.4 kHz pero con siseo/señal por encima (caída de solo 18 dB) — filtro digital de la época, no códec
E:\Musica\0_Over-Drive_Madrid_[19930917_19950422]\Megabeat - Running To My Roots [1990].flac;LOSSLESS;80;15618;17645;2027;32.2;caída progresiva de 2.0 kHz desde 15.6 kHz — típica de filtro antialiasing o remuestreo, no de un códec
E:\Musica\0_Over-Drive_Madrid_[19930917_19950422]\Members of Mayday - Procession [1993].flac;LOSSLESS;95;19462;20936;1474;43.4;caída progresiva de 1.5 kHz desde 19.5 kHz — típica de filtro antialiasing o remuestreo, no de un códec
E:\Musica\0_Over-Drive_Madrid_[19930917_19950422]\Mental Planet - Anhinilating Rhythm (DJ Fly Mix) [1993].flac;LOSSLESS;98;21547;21547;0;15.3;corte abrupto en 21.5 kHz pero con siseo/señal por encima (caída de solo 15 dB) — filtro digital de la época, no códec
E:\Musica\0_Over-Drive_Madrid_[19930917_19950422]\Microbots - Cosmic Evolution [1992].flac;LOSSLESS;95;18830;20874;2044;46.3;caída progresiva de 2.0 kHz desde 18.8 kHz — típica de filtro antialiasing o remuestreo, no de un códec
E:\Musica\0_Over-Drive_Madrid_[19930917_19950422]\Microbots - Dimensions [1993].flac;LOSSLESS;94;15936;20793;4857;52.9;caída progresiva de 4.9 kHz desde 15.9 kHz — típica de filtro antialiasing o remuestreo, no de un códec
E:\Musica\0_Over-Drive_Madrid_[19930917_19950422]\Mike Dearborn - Razorsharp (303 Mix) [1995].flac;LOSSLESS;95;15290;20963;5673;71.9;caída progresiva de 5.7 kHz desde 15.3 kHz — típica de filtro antialiasing o remuestreo, no de un códec
E:\Musica\0_Over-Drive_Madrid_[19930917_19950422]\Mind-X - Feel The Generation (Rave Chapter Mix) [1994].flac;LOSSLESS;92;19400;20207;807;32.3;corte en 19.4 kHz con transición intermedia (807 Hz) pero sin silencio profundo debajo (caída de 32 dB) — perfil de conversor, no de códec
E:\Musica\0_Over-Drive_Madrid_[19930917_19950422]\Munion - Poly Boy [1995].flac;LOSSLESS;100;22050;22050;0;3.9;corte abrupto en 22.1 kHz pero con siseo/señal por encima (caída de solo 4 dB) — filtro digital de la época, no códec
E:\Musica\0_Over-Drive_Madrid_[19930917_19950422]\Nacho Division - Controla [1992].flac;LOSSLESS;78;15633;17111;1478;19.3;caída progresiva de 1.5 kHz desde 15.6 kHz — típica de filtro antialiasing o remuestreo, no de un códec
E:\Musica\0_Over-Drive_Madrid_[19930917_19950422]\Nacho Division - Es-telar [1993].flac;LOSSLESS;96;20111;21196;1085;70.8;caída progresiva de 1.1 kHz desde 20.1 kHz — típica de filtro antialiasing o remuestreo, no de un códec
E:\Musica\0_Over-Drive_Madrid_[19930917_19950422]\Nacho Division - Meditation (Remix) [1994].flac;LOSSLESS;96;19031;21146;2115;46.0;caída progresiva de 2.1 kHz desde 19.0 kHz — típica de filtro antialiasing o remuestreo, no de un códec
E:\Musica\0_Over-Drive_Madrid_[19930917_19950422]\Nacho Division - Night Power [1993].flac;LOSSLESS;96;17405;21068;3663;37.5;caída progresiva de 3.7 kHz desde 17.4 kHz — típica de filtro antialiasing o remuestreo, no de un códec
E:\Musica\0_Over-Drive_Madrid_[19930917_19950422]\Nasty Django - Ey Fukkas! (Special Censored Version) [1992].flac;LOSSLESS;95;16956;20903;3947;29.1;caída progresiva de 3.9 kHz desde 17.0 kHz — típica de filtro antialiasing o remuestreo, no de un códec
E:\Musica\0_Over-Drive_Madrid_[19930917_19950422]\Nasty Django - Play Da Same Ol' Song (Desperados Go West) [1992].flac;LOSSLESS;94;16347;20742;4395;28.1;caída progresiva de 4.4 kHz desde 16.3 kHz — típica de filtro antialiasing o remuestreo, no de un códec
E:\Musica\0_Over-Drive_Madrid_[19930917_19950422]\Nexus 6 - Time Chic [1994].flac;LOSSLESS;95;20159;21032;873;36.9;corte en 20.2 kHz con transición intermedia (873 Hz) pero sin silencio profundo debajo (caída de 37 dB) — perfil de conversor, no de códec
E:\Musica\0_Over-Drive_Madrid_[19930917_19950422]\Nexus 6 - Trés Chic [1994].flac;LOSSLESS;98;20085;21530;1445;52.6;caída progresiva de 1.4 kHz desde 20.1 kHz — típica de filtro antialiasing o remuestreo, no de un códec
E:\Musica\0_Over-Drive_Madrid_[19930917_19950422]\Nikolai - Ready to Flow [1994].flac;LOSSLESS;97;19573;21338;1765;31.1;caída progresiva de 1.8 kHz desde 19.6 kHz — típica de filtro antialiasing o remuestreo, no de un códec
E:\Musica\0_Over-Drive_Madrid_[19930917_19950422]\Nitzer Ebb - Let Your Body Learn [1987].flac;LOSSLESS;97;20169;21462;1293;54.7;caída progresiva de 1.3 kHz desde 20.2 kHz — típica de filtro antialiasing o remuestreo, no de un códec
E:\Musica\0_Over-Drive_Madrid_[19930917_19950422]\Noise Control - Tehniska Musika [1992].flac;LOSSLESS;94;17956;20637;2681;29.9;caída progresiva de 2.7 kHz desde 18.0 kHz — típica de filtro antialiasing o remuestreo, no de un códec
E:\Musica\0_Over-Drive_Madrid_[19930917_19950422]\Nostrum - Baby (Nostrum's mix) [1994].flac;LOSSLESS;100;22050;22050;0;3.4;corte abrupto en 22.1 kHz pero con siseo/señal por encima (caída de solo 3 dB) — filtro digital de la época, no códec
E:\Musica\0_Over-Drive_Madrid_[19930917_19950422]\Nostrum - Brainchild [1994].flac;LOSSLESS;100;22050;22050;0;2.8;corte abrupto en 22.1 kHz pero con siseo/señal por encima (caída de solo 3 dB) — filtro digital de la época, no códec
E:\Musica\0_Over-Drive_Madrid_[19930917_19950422]\Nuclear Hyde - Observer [1994].flac;LOSSLESS;97;21480;21492;12;16.9;corte abrupto en 21.5 kHz pero con siseo/señal por encima (caída de solo 17 dB) — filtro digital de la época, no códec
E:\Musica\0_Over-Drive_Madrid_[19930917_19950422]\O - Das Spiel [1990].flac;LOSSLESS;96;18996;21212;2216;60.3;caída progresiva de 2.2 kHz desde 19.0 kHz — típica de filtro antialiasing o remuestreo, no de un códec
E:\Musica\0_Over-Drive_Madrid_[19930917_19950422]\Obsessive - Tune In_Turn Out [1994].flac;LOSSLESS;97;19343;21461;2118;40.0;caída progresiva de 2.1 kHz desde 19.3 kHz — típica de filtro antialiasing o remuestreo, no de un códec
E:\Musica\0_Over-Drive_Madrid_[19930917_19950422]\Odyssee of Noises - Caprioles 1 [1994].flac;LOSSLESS;94;18053;20770;2717;29.7;caída progresiva de 2.7 kHz desde 18.1 kHz — típica de filtro antialiasing o remuestreo, no de un códec
E:\Musica\0_Over-Drive_Madrid_[19930917_19950422]\Odyssee of Noises - Firedance, The Sunrise [1994].flac;LOSSLESS;95;19019;20942;1923;32.1;caída progresiva de 1.9 kHz desde 19.0 kHz — típica de filtro antialiasing o remuestreo, no de un códec
E:\Musica\0_Over-Drive_Madrid_[19930917_19950422]\PG2 - Hey-Heeey [1995].flac;LOSSLESS;96;19894;21093;1199;65.3;caída progresiva de 1.2 kHz desde 19.9 kHz — típica de filtro antialiasing o remuestreo, no de un códec
E:\Musica\0_Over-Drive_Madrid_[19930917_19950422]\Pan & Trex - Iceman On The Beach (Remix) [1995].flac;LOSSLESS;100;22050;22050;0;11.6;corte abrupto en 22.1 kHz pero con siseo/señal por encima (caída de solo 12 dB) — filtro digital de la época, no códec
E:\Musica\0_Over-Drive_Madrid_[19930917_19950422]\Peter Murphy - All Night Long [1988].flac;LOSSLESS;94;16152;20754;4602;48.3;caída progresiva de 4.6 kHz desde 16.2 kHz — típica de filtro antialiasing o remuestreo, no de un códec
E:\Musica\0_Over-Drive_Madrid_[19930917_19950422]\Phenomania - Amazonas (Radio Edit) [1993].flac;LOSSLESS;96;15523;21134;5611;37.4;caída progresiva de 5.6 kHz desde 15.5 kHz — típica de filtro antialiasing o remuestreo, no de un códec
E:\Musica\0_Over-Drive_Madrid_[19930917_19950422]\Phenomania - Fly Fly [1992].flac;LOSSLESS;96;15608;21139;5531;40.1;caída progresiva de 5.5 kHz desde 15.6 kHz — típica de filtro antialiasing o remuestreo, no de un códec
E:\Musica\0_Over-Drive_Madrid_[19930917_19950422]\Phenomania - Who Is Elvis [1992].flac;LOSSLESS;96;15512;21128;5616;42.4;caída progresiva de 5.6 kHz desde 15.5 kHz — típica de filtro antialiasing o remuestreo, no de un códec
E:\Musica\0_Over-Drive_Madrid_[19930917_19950422]\Phrenetic System - Back to Reality (Remastered Original Mix) [1994].flac;LOSSLESS;98;20835;21706;871;44.2;espectro completo hasta cerca de Nyquist
E:\Musica\0_Over-Drive_Madrid_[19930917_19950422]\Phrenetic System - Wayfarer (Remastered Original Mix) [1994].flac;LOSSLESS;98;20557;21643;1086;34.4;espectro completo hasta cerca de Nyquist
E:\Musica\0_Over-Drive_Madrid_[19930917_19950422]\Plastikman - Spastik [1993].flac;LOSSLESS;96;17540;21107;3567;40.1;caída progresiva de 3.6 kHz desde 17.5 kHz — típica de filtro antialiasing o remuestreo, no de un códec
E:\Musica\0_Over-Drive_Madrid_[19930917_19950422]\Pneumatic Distress - Ada-Mu-Kita (Radio Sequence) [1993].flac;LOSSLESS;90;16595;19818;3223;34.9;caída progresiva de 3.2 kHz desde 16.6 kHz — típica de filtro antialiasing o remuestreo, no de un códec
E:\Musica\0_Over-Drive_Madrid_[19930917_19950422]\Quench - Dreams [1993].flac;LOSSLESS;97;17321;21405;4084;39.4;caída progresiva de 4.1 kHz desde 17.3 kHz — típica de filtro antialiasing o remuestreo, no de un códec
E:\Musica\0_Over-Drive_Madrid_[19930917_19950422]\R-Damski - Acoustic Nature [1994].flac;LOSSLESS;94;20250;20627;377;26.9;corte abrupto en 20.2 kHz pero con siseo/señal por encima (caída de solo 27 dB) — un códec deja silencio digital, esto es un filtro de conversor
E:\Musica\0_Over-Drive_Madrid_[19930917_19950422]\R-Damski - Project Part One [1995].flac;LOSSLESS;100;22050;22050;0;15.0;corte abrupto en 22.1 kHz pero con siseo/señal por encima (caída de solo 15 dB) — filtro digital de la época, no códec
E:\Musica\0_Over-Drive_Madrid_[19930917_19950422]\Ram-J - Nowhere Bells [1994].flac;LOSSLESS;96;17623;21141;3518;38.4;caída progresiva de 3.5 kHz desde 17.6 kHz — típica de filtro antialiasing o remuestreo, no de un códec
E:\Musica\0_Over-Drive_Madrid_[19930917_19950422]\Ram-J - R.S.V.P. (War Mix Edit) [1994].flac;LOSSLESS;98;20413;21551;1138;57.7;caída progresiva de 1.1 kHz desde 20.4 kHz — típica de filtro antialiasing o remuestreo, no de un códec
E:\Musica\0_Over-Drive_Madrid_[19930917_19950422]\Ramirez - La Musika Tremenda [1993].flac;LOSSLESS;97;19536;21353;1817;62.4;caída progresiva de 1.8 kHz desde 19.5 kHz — típica de filtro antialiasing o remuestreo, no de un códec
E:\Musica\0_Over-Drive_Madrid_[19930917_19950422]\Rave Crusader - Energy Overload (Basic Mix) [1992].flac;LOSSLESS;92;17695;20286;2591;25.2;caída progresiva de 2.6 kHz desde 17.7 kHz — típica de filtro antialiasing o remuestreo, no de un códec
E:\Musica\0_Over-Drive_Madrid_[19930917_19950422]\Resistance D - Skyline (Eternal Basement Remix) [1994].flac;LOSSLESS;98;19909;21585;1676;68.2;caída progresiva de 1.7 kHz desde 19.9 kHz — típica de filtro antialiasing o remuestreo, no de un códec
E:\Musica\0_Over-Drive_Madrid_[19930917_19950422]\Rexanthony - Objective Two (Cc2 Version) [1994].flac;LOSSLESS;98;19549;21513;1964;32.0;caída progresiva de 2.0 kHz desde 19.5 kHz — típica de filtro antialiasing o remuestreo, no de un códec
E:\Musica\0_Over-Drive_Madrid_[19930917_19950422]\Robert Armani - Ambulance (Remixed By Armando) [1993].flac;LOSSLESS;98;20603;21681;1078;62.9;espectro completo hasta cerca de Nyquist
E:\Musica\0_Over-Drive_Madrid_[19930917_19950422]\Robert Armani - Circus Bells [1993].flac;LOSSLESS;97;17931;21454;3523;63.3;caída progresiva de 3.5 kHz desde 17.9 kHz — típica de filtro antialiasing o remuestreo, no de un códec
E:\Musica\0_Over-Drive_Madrid_[19930917_19950422]\Robotics_Spook - Apology [1993].flac;LOSSLESS;93;19064;20516;1452;42.2;caída progresiva de 1.5 kHz desde 19.1 kHz — típica de filtro antialiasing o remuestreo, no de un códec
E:\Musica\0_Over-Drive_Madrid_[19930917_19950422]\Roland Brant - Nuclear Sun [1993].flac;LOSSLESS;94;17418;20736;3318;32.1;caída progresiva de 3.3 kHz desde 17.4 kHz — típica de filtro antialiasing o remuestreo, no de un códec
E:\Musica\0_Over-Drive_Madrid_[19930917_19950422]\Roses Club - Que Siga La Fiesta [1992].flac;LOSSLESS;97;17921;21448;3527;63.7;caída progresiva de 3.5 kHz desde 17.9 kHz — típica de filtro antialiasing o remuestreo, no de un códec
E:\Musica\0_Over-Drive_Madrid_[19930917_19950422]\Satellite - Made of Stone (Progressive Mix) [1993].flac;LOSSLESS;90;14947;19870;4923;46.4;caída progresiva de 4.9 kHz desde 14.9 kHz — típica de filtro antialiasing o remuestreo, no de un códec
E:\Musica\0_Over-Drive_Madrid_[19930917_19950422]\Scooter - Hyper, Hyper [1994].flac;LOSSLESS;95;16814;21005;4191;48.6;caída progresiva de 4.2 kHz desde 16.8 kHz — típica de filtro antialiasing o remuestreo, no de un códec
E:\Musica\0_Over-Drive_Madrid_[19930917_19950422]\Scooter - Rhapsody in E - Remastered [1995].flac;LOSSLESS;93;17719;20492;2773;49.4;caída progresiva de 2.8 kHz desde 17.7 kHz — típica de filtro antialiasing o remuestreo, no de un códec
E:\Musica\0_Over-Drive_Madrid_[19930917_19950422]\Scot Project - U (I Got A Feeling) - V-Mix [1995].flac;LOSSLESS;95;17835;20973;3138;34.9;caída progresiva de 3.1 kHz desde 17.8 kHz — típica de filtro antialiasing o remuestreo, no de un códec
E:\Musica\0_Over-Drive_Madrid_[19930917_19950422]\Secret Base - Obscurity [1994].flac;LOSSLESS;96;19877;21131;1254;21.0;caída progresiva de 1.3 kHz desde 19.9 kHz — típica de filtro antialiasing o remuestreo, no de un códec
E:\Musica\0_Over-Drive_Madrid_[19930917_19950422]\Secret Base - Warpmission [1994].flac;LOSSLESS;95;17418;20932;3514;27.5;caída progresiva de 3.5 kHz desde 17.4 kHz — típica de filtro antialiasing o remuestreo, no de un códec
E:\Musica\0_Over-Drive_Madrid_[19930917_19950422]\Sevenebb - It's My Beat [1992].flac;LOSSLESS;100;22050;22050;0;9.6;corte abrupto en 22.1 kHz pero con siseo/señal por encima (caída de solo 10 dB) — filtro digital de la época, no códec
E:\Musica\0_Over-Drive_Madrid_[19930917_19950422]\Sevenebb - To Make Time [1992].flac;LOSSLESS;95;20389;20862;473;29.7;corte abrupto en 20.4 kHz pero con siseo/señal por encima (caída de solo 30 dB) — un códec deja silencio digital, esto es un filtro de conversor
E:\Musica\0_Over-Drive_Madrid_[19930917_19950422]\Signal Response II - The Signal [1995].flac;LOSSLESS;99;20945;21742;797;68.9;espectro completo hasta cerca de Nyquist
E:\Musica\0_Over-Drive_Madrid_[19930917_19950422]\Sound To Light - Land Slip [1993].flac;LOSSLESS;100;22050;22050;0;13.7;corte abrupto en 22.1 kHz pero con siseo/señal por encima (caída de solo 14 dB) — filtro digital de la época, no códec
E:\Musica\0_Over-Drive_Madrid_[19930917_19950422]\Sound To Light - Nasty News [1993].flac;LOSSLESS;92;19882;20346;464;18.0;corte abrupto en 19.9 kHz pero con siseo/señal por encima (caída de solo 18 dB) — un códec deja silencio digital, esto es un filtro de conversor
E:\Musica\0_Over-Drive_Madrid_[19930917_19950422]\Speedy J - Pull Over [1991].flac;LOSSLESS;96;19463;21185;1722;36.7;caída progresiva de 1.7 kHz desde 19.5 kHz — típica de filtro antialiasing o remuestreo, no de un códec
E:\Musica\0_Over-Drive_Madrid_[19930917_19950422]\State Of House - Pacific Dance [1994].flac;LOSSLESS;96;19718;21189;1471;36.3;caída progresiva de 1.5 kHz desde 19.7 kHz — típica de filtro antialiasing o remuestreo, no de un códec
E:\Musica\0_Over-Drive_Madrid_[19930917_19950422]\Sunbeam - High Adventure (Scrounger Mix) [1994].flac;LOSSLESS;94;19083;20824;1741;34.7;caída progresiva de 1.7 kHz desde 19.1 kHz — típica de filtro antialiasing o remuestreo, no de un códec
E:\Musica\0_Over-Drive_Madrid_[19930917_19950422]\Sunbeam - Outside World [1994].flac;LOSSLESS;96;20190;21142;952;40.9;corte en 20.2 kHz con transición intermedia (952 Hz) pero sin silencio profundo debajo (caída de 41 dB) — perfil de conversor, no de códec
E:\Musica\0_Over-Drive_Madrid_[19930917_19950422]\Sven Väth - L'Esperanza (Hope Will Move Mountains Mix) [1993].flac;LOSSLESS;98;20351;21682;1331;69.6;caída progresiva de 1.3 kHz desde 20.4 kHz — típica de filtro antialiasing o remuestreo, no de un códec
E:\Musica\0_Over-Drive_Madrid_[19930917_19950422]\System D - Black Magic [1994].flac;LOSSLESS;98;20685;21706;1021;48.5;espectro completo hasta cerca de Nyquist
E:\Musica\0_Over-Drive_Madrid_[19930917_19950422]\System D - Deviant Behaviour [1994].flac;LOSSLESS;98;20559;21620;1061;49.0;espectro completo hasta cerca de Nyquist
E:\Musica\0_Over-Drive_Madrid_[19930917_19950422]\System D - Shipment In Trance [1994].flac;LOSSLESS;98;20722;21543;821;41.1;espectro completo hasta cerca de Nyquist
E:\Musica\0_Over-Drive_Madrid_[19930917_19950422]\System D - Trancefusion [1994].flac;LOSSLESS;98;20756;21528;772;47.5;espectro completo hasta cerca de Nyquist
E:\Musica\0_Over-Drive_Madrid_[19930917_19950422]\T. Vee - U Are A Sucker (Crazy Mix) [1992].flac;LOSSLESS;98;19057;21513;2456;29.5;caída progresiva de 2.5 kHz desde 19.1 kHz — típica de filtro antialiasing o remuestreo, no de un códec
E:\Musica\0_Over-Drive_Madrid_[19930917_19950422]\Tandú - Acido [1994].flac;LOSSLESS;94;18268;20766;2498;28.7;caída progresiva de 2.5 kHz desde 18.3 kHz — típica de filtro antialiasing o remuestreo, no de un códec
E:\Musica\0_Over-Drive_Madrid_[19930917_19950422]\Tandú - Spaceido [1994].flac;LOSSLESS;93;16806;20407;3601;31.9;caída progresiva de 3.6 kHz desde 16.8 kHz — típica de filtro antialiasing o remuestreo, no de un códec
E:\Musica\0_Over-Drive_Madrid_[19930917_19950422]\Tandú - Tranceido [1994].flac;LOSSLESS;94;18285;20733;2448;22.3;caída progresiva de 2.4 kHz desde 18.3 kHz — típica de filtro antialiasing o remuestreo, no de un códec
E:\Musica\0_Over-Drive_Madrid_[19930917_19950422]\Technobert 96 - Neue Dimensionen [1990].flac;LOSSLESS;82;17129;17994;865;19.6;corte en 17.1 kHz con transición intermedia (865 Hz) pero sin silencio profundo debajo (caída de 20 dB) — perfil de conversor, no de códec
E:\Musica\0_Over-Drive_Madrid_[19930917_19950422]\Technohead - The Passion 1 [1995].flac;LOSSLESS;94;19336;20704;1368;25.2;caída progresiva de 1.4 kHz desde 19.3 kHz — típica de filtro antialiasing o remuestreo, no de un códec
E:\Musica\0_Over-Drive_Madrid_[19930917_19950422]\Tesox - Funky Bassline [1995].flac;LOSSLESS;98;20025;21631;1606;44.3;caída progresiva de 1.6 kHz desde 20.0 kHz — típica de filtro antialiasing o remuestreo, no de un códec
E:\Musica\0_Over-Drive_Madrid_[19930917_19950422]\Tesox - Go ahead London [1995].flac;LOSSLESS;100;22050;22050;0;6.2;corte abrupto en 22.1 kHz pero con siseo/señal por encima (caída de solo 6 dB) — filtro digital de la época, no códec
E:\Musica\0_Over-Drive_Madrid_[19930917_19950422]\Tesox - Prophetic Steps [1995].flac;LOSSLESS;96;20191;21247;1056;27.0;caída progresiva de 1.1 kHz desde 20.2 kHz — típica de filtro antialiasing o remuestreo, no de un códec
E:\Musica\0_Over-Drive_Madrid_[19930917_19950422]\The King Of House - Bonus King [1993].flac;LOSSLESS;100;22050;22050;0;13.4;corte abrupto en 22.1 kHz pero con siseo/señal por encima (caída de solo 13 dB) — filtro digital de la época, no códec
E:\Musica\0_Over-Drive_Madrid_[19930917_19950422]\The King Of House - Give It Up [1993].flac;LOSSLESS;94;20553;20642;89;23.0;corte abrupto en 20.6 kHz pero con siseo/señal por encima (caída de solo 23 dB) — filtro digital de la época, no códec
E:\Musica\0_Over-Drive_Madrid_[19930917_19950422]\The Snake Corps - This Is Seagull…. [1990].flac;SOSPECHOSO;97;20450;21439;989;51.4;corte en 20.4 kHz con transición intermedia (989 Hz) y caída profunda (51 dB) — revisar espectrograma a mano | auCDtect: CDDA 100%
E:\Musica\0_Over-Drive_Madrid_[19930917_19950422]\The Visions of Shiva - How Much Can You Take [1995].flac;LOSSLESS;97;20492;21433;941;38.1;corte en 20.5 kHz con transición intermedia (941 Hz) pero sin silencio profundo debajo (caída de 38 dB) — perfil de conversor, no de códec
E:\Musica\0_Over-Drive_Madrid_[19930917_19950422]\Thunderball - Bonzai Channel One [1993].flac;LOSSLESS;98;21613;21639;26;18.8;corte abrupto en 21.6 kHz pero con siseo/señal por encima (caída de solo 19 dB) — filtro digital de la época, no códec
E:\Musica\0_Over-Drive_Madrid_[19930917_19950422]\Thunderball - It's Your Dj (Original Remastered Mix) [1994].flac;SOSPECHOSO;96;20677;21218;541;34.5;"muro estrecho (541 Hz) en 20.7 kHz pegado a Nyquist — posible AAC/Vorbis de alta tasa; revisar espectrograma | auCDtect: CDDA 100%"
E:\Musica\0_Over-Drive_Madrid_[19930917_19950422]\Time To Time - Omnibus (Single Mix) [1992].flac;LOSSLESS;97;20367;21460;1093;62.0;caída progresiva de 1.1 kHz desde 20.4 kHz — típica de filtro antialiasing o remuestreo, no de un códec
E:\Musica\0_Over-Drive_Madrid_[19930917_19950422]\Timeless - Spice (Timelesspace Mix) [1994].flac;LOSSLESS;89;17603;19719;2116;21.5;caída progresiva de 2.1 kHz desde 17.6 kHz — típica de filtro antialiasing o remuestreo, no de un códec
E:\Musica\0_Over-Drive_Madrid_[19930917_19950422]\Tracid Posse - Power Of Darkness [1992].flac;LOSSLESS;97;21282;21292;10;16.6;corte abrupto en 21.3 kHz pero con siseo/señal por encima (caída de solo 17 dB) — filtro digital de la época, no códec
E:\Musica\0_Over-Drive_Madrid_[19930917_19950422]\Tracid Posse - Vivarium [1992].flac;LOSSLESS;96;21212;21212;0;15.4;corte abrupto en 21.2 kHz pero con siseo/señal por encima (caída de solo 15 dB) — filtro digital de la época, no códec
E:\Musica\0_Over-Drive_Madrid_[19930917_19950422]\Transform - Transformation (Club Mix) [1993].flac;LOSSLESS;96;20093;21267;1174;44.3;caída progresiva de 1.2 kHz desde 20.1 kHz — típica de filtro antialiasing o remuestreo, no de un códec
E:\Musica\0_Over-Drive_Madrid_[19930917_19950422]\Traumatic - Acid Voices (Higher) [1994].flac;LOSSLESS;97;19377;21298;1921;28.7;caída progresiva de 1.9 kHz desde 19.4 kHz — típica de filtro antialiasing o remuestreo, no de un códec
E:\Musica\0_Over-Drive_Madrid_[19930917_19950422]\Tribal Ghost - The Message [1991].flac;LOSSLESS;100;22050;22050;0;13.4;corte abrupto en 22.1 kHz pero con siseo/señal por encima (caída de solo 13 dB) — filtro digital de la época, no códec
E:\Musica\0_Over-Drive_Madrid_[19930917_19950422]\Trilogy - The Storm [1994].flac;LOSSLESS;93;15646;20557;4911;33.6;caída progresiva de 4.9 kHz desde 15.6 kHz — típica de filtro antialiasing o remuestreo, no de un códec
E:\Musica\0_Over-Drive_Madrid_[19930917_19950422]\Trope - Amphetamine [1994].flac;LOSSLESS;100;22050;22050;0;14.1;corte abrupto en 22.1 kHz pero con siseo/señal por encima (caída de solo 14 dB) — filtro digital de la época, no códec
E:\Musica\0_Over-Drive_Madrid_[19930917_19950422]\Turntable Hoschis - Psychic Complexx [1991].flac;LOSSLESS;97;21296;21296;0;15.3;corte abrupto en 21.3 kHz pero con siseo/señal por encima (caída de solo 15 dB) — filtro digital de la época, no códec
E:\Musica\0_Over-Drive_Madrid_[19930917_19950422]\Turntable Hoschis - The Re-Flow [1991].flac;LOSSLESS;97;21427;21427;0;15.1;corte abrupto en 21.4 kHz pero con siseo/señal por encima (caída de solo 15 dB) — filtro digital de la época, no códec
E:\Musica\0_Over-Drive_Madrid_[19930917_19950422]\Twins - Future Visions (Acappella) [1993].flac;LOSSLESS;94;13912;20751;6839;37.7;caída progresiva de 6.8 kHz desde 13.9 kHz — típica de filtro antialiasing o remuestreo, no de un códec
E:\Musica\0_Over-Drive_Madrid_[19930917_19950422]\Umo Detic - Fahrenheit [1989].flac;LOSSLESS;92;20210;20267;57;17.8;corte abrupto en 20.2 kHz pero con siseo/señal por encima (caída de solo 18 dB) — un códec deja silencio digital, esto es un filtro de conversor
E:\Musica\0_Over-Drive_Madrid_[19930917_19950422]\Union Jack - Red Herring [1995].flac;LOSSLESS;94;18124;20814;2690;34.7;caída progresiva de 2.7 kHz desde 18.1 kHz — típica de filtro antialiasing o remuestreo, no de un códec
E:\Musica\0_Over-Drive_Madrid_[19930917_19950422]\Union Jack - Two Full Moons & A Trout (Caspar Pound Remix) [1994].flac;LOSSLESS;95;18718;21046;2328;34.3;caída progresiva de 2.3 kHz desde 18.7 kHz — típica de filtro antialiasing o remuestreo, no de un códec
E:\Musica\0_Over-Drive_Madrid_[19930917_19950422]\Usura - Open Your Mind (Radio Edit) [1992].flac;LOSSLESS;94;20677;20677;0;15.8;corte abrupto en 20.7 kHz pero con siseo/señal por encima (caída de solo 16 dB) — filtro digital de la época, no códec
E:\Musica\0_Over-Drive_Madrid_[19930917_19950422]\V-Tracks - Heretic Voices (Train Mix) [1994].flac;LOSSLESS;100;22050;22050;0;11.8;corte abrupto en 22.1 kHz pero con siseo/señal por encima (caída de solo 12 dB) — filtro digital de la época, no códec
E:\Musica\0_Over-Drive_Madrid_[19930917_19950422]\V-Tracks - Limits [1995].flac;LOSSLESS;93;19749;20566;817;23.3;corte en 19.7 kHz con transición intermedia (817 Hz) pero sin silencio profundo debajo (caída de 23 dB) — perfil de conversor, no de códec
E:\Musica\0_Over-Drive_Madrid_[19930917_19950422]\V-Tracks - Mental Flow (Original Remix) [1995].flac;LOSSLESS;93;20409;20491;82;21.5;corte abrupto en 20.4 kHz pero con siseo/señal por encima (caída de solo 21 dB) — un códec deja silencio digital, esto es un filtro de conversor
E:\Musica\0_Over-Drive_Madrid_[19930917_19950422]\V-Tracks - Moonland [1995].flac;LOSSLESS;98;16526;21524;4998;39.7;caída progresiva de 5.0 kHz desde 16.5 kHz — típica de filtro antialiasing o remuestreo, no de un códec
E:\Musica\0_Over-Drive_Madrid_[19930917_19950422]\V-Tracks - Subway 26 (Original Version) [1994].flac;LOSSLESS;90;18969;19877;908;24.3;corte en 19.0 kHz con transición intermedia (908 Hz) pero sin silencio profundo debajo (caída de 24 dB) — perfil de conversor, no de códec
E:\Musica\0_Over-Drive_Madrid_[19930917_19950422]\Vainqueur - Lyot (Maurizio Mix) [1992].flac;LOSSLESS;98;20405;21519;1114;47.8;caída progresiva de 1.1 kHz desde 20.4 kHz — típica de filtro antialiasing o remuestreo, no de un códec
E:\Musica\0_Over-Drive_Madrid_[19930917_19950422]\Velocity - Future [1994].flac;LOSSLESS;92;20200;20208;8;16.5;corte abrupto en 20.2 kHz pero con siseo/señal por encima (caída de solo 16 dB) — un códec deja silencio digital, esto es un filtro de conversor
E:\Musica\0_Over-Drive_Madrid_[19930917_19950422]\Velocity - Lust [1994].flac;LOSSLESS;97;20327;21486;1159;52.4;caída progresiva de 1.2 kHz desde 20.3 kHz — típica de filtro antialiasing o remuestreo, no de un códec
E:\Musica\0_Over-Drive_Madrid_[19930917_19950422]\Virtual Reality - In Control [1992].flac;LOSSLESS;99;17491;21832;4341;30.5;caída progresiva de 4.3 kHz desde 17.5 kHz — típica de filtro antialiasing o remuestreo, no de un códec
E:\Musica\0_Over-Drive_Madrid_[19930917_19950422]\Virtualmismo - Cibernetica (Trance Mix) [1994].flac;LOSSLESS;83;18289;18308;19;20.9;corte abrupto en 18.3 kHz pero con siseo/señal por encima (caída de solo 21 dB) — un códec deja silencio digital, esto es un filtro de conversor
E:\Musica\0_Over-Drive_Madrid_[19930917_19950422]\Virtualmismo - Cosmonautica (Moon Trip Mix) [1993].flac;LOSSLESS;90;17318;19833;2515;25.1;caída progresiva de 2.5 kHz desde 17.3 kHz — típica de filtro antialiasing o remuestreo, no de un códec
E:\Musica\0_Over-Drive_Madrid_[19930917_19950422]\Virtualmismo - Cosmonautica (Virtual Mix) [1993].flac;LOSSLESS;90;17321;19831;2510;24.6;caída progresiva de 2.5 kHz desde 17.3 kHz — típica de filtro antialiasing o remuestreo, no de un códec
E:\Musica\0_Over-Drive_Madrid_[19930917_19950422]\Virtualmismo - Mismoplastico (Dirtysyncomix) [1992].flac;LOSSLESS;96;17452;21161;3709;38.6;caída progresiva de 3.7 kHz desde 17.5 kHz — típica de filtro antialiasing o remuestreo, no de un códec
E:\Musica\0_Over-Drive_Madrid_[19930917_19950422]\Wavedriver - Compulsion [1994].flac;LOSSLESS;87;15062;19259;4197;39.0;caída progresiva de 4.2 kHz desde 15.1 kHz — típica de filtro antialiasing o remuestreo, no de un códec
E:\Musica\0_Over-Drive_Madrid_[19930917_19950422]\Wippenberg - Neurodancer (Original Version) [1994].flac;LOSSLESS;97;19153;21485;2332;56.1;caída progresiva de 2.3 kHz desde 19.2 kHz — típica de filtro antialiasing o remuestreo, no de un códec
E:\Musica\0_Over-Drive_Madrid_[19930917_19950422]\With It Guys - Let the music take control (Uncontrolled Mix) [1993].flac;LOSSLESS;97;15063;21454;6391;35.1;caída progresiva de 6.4 kHz desde 15.1 kHz — típica de filtro antialiasing o remuestreo, no de un códec
E:\Musica\0_Over-Drive_Madrid_[19930917_19950422]\World - Hypnotyse [1992].flac;LOSSLESS;100;22050;22050;0;8.3;corte abrupto en 22.1 kHz pero con siseo/señal por encima (caída de solo 8 dB) — filtro digital de la época, no códec
E:\Musica\0_Over-Drive_Madrid_[19930917_19950422]\World - In The Extreme [1992].flac;LOSSLESS;100;22050;22050;0;8.3;corte abrupto en 22.1 kHz pero con siseo/señal por encima (caída de solo 8 dB) — filtro digital de la época, no códec
E:\Musica\0_Over-Drive_Madrid_[19930917_19950422]\World - Tracy [1992].flac;LOSSLESS;100;22050;22050;0;10.2;corte abrupto en 22.1 kHz pero con siseo/señal por encima (caída de solo 10 dB) — filtro digital de la época, no códec
E:\Musica\0_Over-Drive_Madrid_[19930917_19950422]\XTC-Alarm (Power Mix) [1993].flac;LOSSLESS;97;17301;21333;4032;40.2;caída progresiva de 4.0 kHz desde 17.3 kHz — típica de filtro antialiasing o remuestreo, no de un códec
E:\Musica\0_Over-Drive_Madrid_[19930917_19950422]\Yves Deruyter - Calling Earth [1994].flac;LOSSLESS;97;19113;21488;2375;43.5;caída progresiva de 2.4 kHz desde 19.1 kHz — típica de filtro antialiasing o remuestreo, no de un códec
E:\Musica\0_Over-Drive_Madrid_[19930917_19950422]\Yves Deruyter - Trance City (Remastered Original Mix) [1993].flac;SOSPECHOSO;97;20402;21351;949;58.2;corte en 20.4 kHz con transición intermedia (949 Hz) y caída profunda (58 dB) — revisar espectrograma a mano | auCDtect: CDDA 100%
E:\Musica\0_Over-Drive_Madrid_[19930917_19950422]\Zentral - Que Idea [1993].flac;LOSSLESS;85;15175;18644;3469;35.8;caída progresiva de 3.5 kHz desde 15.2 kHz — típica de filtro antialiasing o remuestreo, no de un códec
E:\Musica\0_Over-Drive_Madrid_[19930917_19950422]\Zero Limit - Verificacion [1994].flac;LOSSLESS;94;17623;20739;3116;37.5;caída progresiva de 3.1 kHz desde 17.6 kHz — típica de filtro antialiasing o remuestreo, no de un códec
E:\Musica\0_Over-Drive_Madrid_[19930917_19950422]\Zolex - Time Modulator (Black Out Mix) [1993].flac;LOSSLESS;99;20288;21795;1507;58.0;caída progresiva de 1.5 kHz desde 20.3 kHz — típica de filtro antialiasing o remuestreo, no de un códec
E:\Musica\0_Over-Drive_Madrid_[19930917_19950422]\Zolex - Time Modulator [1993].flac;LOSSLESS;98;16656;21678;5022;51.4;caída progresiva de 5.0 kHz desde 16.7 kHz — típica de filtro antialiasing o remuestreo, no de un códec
